id,followerCount,engagementRate,Score
100,15788,6.8,77.5
11,95117,6.6,77.5
59,58987,6.7,77.5
74,22394,6.3,77.5
39,9890,9.4,77.5
2,38237,5.8,77.5
93,27657,5.5,77.5
48,19925,6.5,77.5
13,90773,6.7,77.5
60,58403,5.2,64.89999999999999
19,55217,4.9,48.863636363636424
25,77585,2.7,42.5
67,31642,3.4,42.5
36,30419,3.3,42.5
72,61456,4.6,42.5
41,81909,3.6,42.5
53,56257,3.2,42.5
75,94551,3.0,42.5
61,53701,4.5,42.5
76,39175,3.3,42.5
