id,followerCount,engagementRate,Score
100,15788,6.8,100.0
93,27657,5.5,100.0
2,38237,5.8,100.0
48,19925,6.5,100.0
39,9890,9.4,100.0
74,22394,6.3,100.0
13,90773,6.7,100.0
11,95117,6.6,100.0
59,58987,6.7,100.0
60,58403,5.2,82.85714285714288
19,55217,4.9,65.71428571428575
75,94551,3.0,60.0
76,39175,3.3,60.0
61,53701,4.5,60.0
53,56257,3.2,60.0
67,31642,3.4,60.0
41,81909,3.6,60.0
72,61456,4.6,60.0
36,30419,3.3,60.0
25,77585,2.7,60.0
